model,rmse,mae,r2
RFR,4835.64180096476,2601.2821498426415,0.8033904099017968
XGBR,5260.9719288849565,2956.001338853479,0.767282833420131
LR,5917.457946288306,4070.9856796531435,0.7055803365499282
SVR,11467.497329693328,7433.028409296061,-0.1056909294526831
